,Time Interval,Pkts number,Avg pkts interval,Avg pkts size,Inbound pkts,Outbound pkts,Person
0,0.0s - 0.5s,137,0.003587768087591242,1210.014598540146,88,88,1
1,0.5s - 1.0s,142,0.0035166656760563376,1176.556338028169,83,83,1
2,1.0s - 1.5s,136,0.0035080923235294107,1138.9485294117646,77,77,1
3,1.5s - 2.0s,148,0.0035415772500000005,1179.3648648648648,91,91,1
4,2.0s - 2.5s,133,0.0037608981052631566,1168.5112781954888,79,79,1
5,2.5s - 3.0s,141,0.0035544695744680853,1178.3333333333333,83,83,1
6,3.0s - 3.5s,127,0.0037756069842519685,1157.8740157480315,72,72,1
7,3.5s - 4.0s,142,0.0036663575845070425,1185.3732394366198,83,83,1
8,4.0s - 4.5s,132,0.00371330043939394,1173.409090909091,79,79,1
9,4.5s - 5.0s,136,0.0036817150220588243,1119.9485294117646,74,74,1
10,5.0s - 5.5s,120,0.004255223466666668,1103.5666666666666,64,64,1
11,5.5s - 6.0s,136,0.00353683900735294,1169.3382352941176,82,82,1
12,6.0s - 6.5s,124,0.0041108040806451624,1121.5564516129032,65,65,1
13,6.5s - 7.0s,141,0.0036202122978723425,1163.22695035461,90,90,1
14,7.0s - 7.5s,138,0.0036287353768115946,1202.5507246376812,79,79,1
15,7.5s - 8.0s,144,0.003474521249999999,1191.7430555555557,88,88,1
16,8.0s - 8.5s,129,0.0038622897984496134,1184.906976744186,71,71,1
17,8.5s - 9.0s,161,0.003126253285714288,1148.9192546583852,106,106,1
18,9.0s - 9.5s,144,0.0033809757638888875,1191.1944444444443,83,83,1
19,9.5s - 10.0s,141,0.003643285468085105,1177.4184397163122,84,84,1
20,10.0s - 10.5s,147,0.0034012882040816324,1171.4149659863945,88,88,1
21,10.5s - 11.0s,139,0.003529744381294964,1153.6762589928057,81,81,1
22,11.0s - 11.5s,128,0.003910593359375,1179.28125,68,68,1
23,11.5s - 12.0s,144,0.0034767126458333333,1187.2708333333333,93,93,1
24,12.0s - 12.5s,145,0.0034525551793103447,1152.2275862068966,85,85,1
25,12.5s - 13.0s,150,0.0033383156200000007,1190.72,91,91,1
26,13.0s - 13.5s,135,0.0037030827037037046,1170.7037037037037,78,78,1
27,13.5s - 14.0s,141,0.0035511495957446797,1210.1347517730496,90,90,1
28,14.0s - 14.5s,146,0.0034261661301369854,1176.6575342465753,86,86,1
29,14.5s - 15.0s,140,0.003584029257142856,1173.4071428571428,85,85,1
30,15.0s - 15.5s,139,0.0035888166978417266,1169.7122302158273,81,81,1
31,15.5s - 16.0s,150,0.003337667926666667,1164.5,91,91,1
32,16.0s - 16.5s,145,0.00338416904137931,1149.5379310344827,88,88,1
33,16.5s - 17.0s,146,0.0035032658904109587,1199.2397260273972,90,90,1
34,17.0s - 17.5s,144,0.0034678872569444425,1165.9375,86,86,1
35,17.5s - 18.0s,146,0.003436998075342466,1166.2876712328766,86,86,1
36,18.0s - 18.5s,140,0.0035655698428571424,1204.6714285714286,88,88,1
37,18.5s - 19.0s,144,0.003404535597222223,1166.1319444444443,87,87,1
38,19.0s - 19.5s,145,0.0035223053999999987,1192.2206896551725,88,88,1
39,19.5s - 20.0s,140,0.0035746820428571415,1135.807142857143,78,78,1
40,20.0s - 20.5s,144,0.0034773097430555564,1162.8055555555557,86,86,1
41,20.5s - 21.0s,140,0.0035729857857142856,1159.7142857142858,84,84,1
42,21.0s - 21.5s,139,0.003527747553956835,1174.63309352518,85,85,1
43,21.5s - 22.0s,140,0.003638370271428573,1168.8142857142857,79,79,1
44,22.0s - 22.5s,136,0.0036204201911764723,1175.3823529411766,79,79,1
45,22.5s - 23.0s,141,0.00354303574468085,1185.4822695035461,89,89,1
46,23.0s - 23.5s,137,0.00365262194890511,1174.6131386861314,75,75,1
47,23.5s - 24.0s,139,0.0036054490359712235,1161.1726618705036,80,80,1
48,24.0s - 24.5s,140,0.0034983087857142848,1162.8642857142856,89,89,1
49,24.5s - 25.0s,152,0.003359936203947369,1165.3881578947369,89,89,1
50,25.0s - 25.5s,145,0.003453196648275861,1202.1793103448276,88,88,1
51,25.5s - 26.0s,140,0.0035718511214285725,1151.7714285714285,85,85,1
52,26.0s - 26.5s,142,0.0034577078802816904,1181.4788732394366,83,83,1
53,26.5s - 27.0s,154,0.003315768870129868,1176.0324675324675,96,96,1
54,27.0s - 27.5s,144,0.0034789908402777783,1147.548611111111,85,85,1
55,27.5s - 28.0s,133,0.003752837586466166,1192.1503759398497,77,77,1
56,28.0s - 28.5s,143,0.003367580545454545,1191.6433566433566,85,85,1
57,28.5s - 29.0s,140,0.003710511649999997,1184.0142857142857,84,84,1
58,29.0s - 29.5s,135,0.0037069857851851854,1182.3555555555556,81,81,1
59,29.5s - 30.0s,144,0.00340796023611111,1176.263888888889,82,82,1
60,30.0s - 30.5s,140,0.003470443064285713,1176.1571428571428,85,85,1
61,30.5s - 31.0s,150,0.0035022623599999998,1143.24,90,90,1
62,31.0s - 31.5s,141,0.0035462471914893623,1145.1843971631206,81,81,1
63,31.5s - 32.0s,136,0.003614089867647058,1172.3088235294117,79,79,1
64,32.0s - 32.5s,138,0.0036228056594202877,1185.1521739130435,83,83,1
65,32.5s - 33.0s,152,0.00329322290131579,1189.4342105263158,91,91,1
66,33.0s - 33.5s,140,0.0035711452285714295,1145.8142857142857,80,80,1
67,33.5s - 34.0s,146,0.0034279550068493157,1182.650684931507,91,91,1
68,34.0s - 34.5s,140,0.0035736651000000006,1186.7785714285715,85,85,1
69,34.5s - 35.0s,150,0.0033390498600000015,1152.62,89,89,1
70,35.0s - 35.5s,143,0.0035106597342657326,1187.3426573426573,89,89,1
71,35.5s - 36.0s,142,0.003510897690140847,1169.5633802816901,80,80,1
72,36.0s - 36.5s,141,0.003551523929078013,1193.3333333333333,83,83,1
73,36.5s - 37.0s,145,0.0034542968896551706,1179.5172413793102,93,93,1
74,37.0s - 37.5s,158,0.003169205348101266,1178.1708860759493,95,95,1
75,37.5s - 38.0s,153,0.003267962477124184,1186.3529411764705,93,93,1
76,38.0s - 38.5s,147,0.0034122478979591846,1173.639455782313,90,90,1
77,38.5s - 39.0s,147,0.003411650639455782,1164.2312925170068,89,89,1
78,39.0s - 39.5s,144,0.0034044824513888897,1197.5625,85,85,1
79,39.5s - 40.0s,130,0.003806718453846156,1174.2846153846153,74,74,1
80,40.0s - 40.5s,151,0.0034021484039735072,1180.2251655629138,97,97,1
81,40.5s - 41.0s,144,0.0034180716249999983,1197.5625,87,87,1
82,41.0s - 41.5s,142,0.0031610146830985913,1153.6971830985915,87,87,1
83,41.5s - 42.0s,157,0.0035689362929936298,1202.6687898089172,98,98,1
84,42.0s - 42.5s,147,0.0033688093877551006,1160.5578231292518,87,87,1
85,42.5s - 43.0s,150,0.0032859026066666673,1170.4133333333334,90,90,1
86,43.0s - 43.5s,136,0.003700094051470589,1186.7058823529412,83,83,1
87,43.5s - 44.0s,140,0.003604395542857142,1180.9714285714285,81,81,1
88,44.0s - 44.5s,147,0.003375241476190477,1162.4285714285713,89,89,1
89,44.5s - 45.0s,152,0.0032440535263157898,1172.6776315789473,91,91,1
90,45.0s - 45.5s,141,0.003425124914893614,1197.0,88,88,1
91,45.5s - 46.0s,137,0.003761076116788323,1211.2700729927008,81,81,1
92,46.0s - 46.5s,166,0.0029785190783132537,1152.05421686747,107,107,1
93,46.5s - 47.0s,155,0.0033354331161290322,1182.1870967741936,97,97,1
94,47.0s - 47.5s,150,0.003338850786666666,1188.6066666666666,88,88,1
95,47.5s - 48.0s,144,0.0034751674999999992,1182.0277777777778,86,86,1
96,48.0s - 48.5s,142,0.0034901770422535224,1203.3028169014085,87,87,1
97,48.5s - 49.0s,132,0.003826474909090909,1195.5075757575758,77,77,1
98,49.0s - 49.5s,153,0.0032691753333333328,1160.2418300653594,94,94,1
99,49.5s - 50.0s,152,0.003227996723684211,1132.75,90,90,1
100,50.0s - 50.5s,147,0.0034721054965986403,1200.938775510204,90,90,1
101,50.5s - 51.0s,140,0.0035745473785714276,1182.857142857143,79,79,1
102,51.0s - 51.5s,145,0.003453634620689655,1188.855172413793,92,92,1
103,51.5s - 52.0s,148,0.003380987486486486,1200.7905405405406,90,90,1
104,52.0s - 52.5s,147,0.0034035309183673462,1191.3061224489795,91,91,1
105,52.5s - 53.0s,137,0.003582921547445255,1179.9197080291972,78,78,1
106,53.0s - 53.5s,145,0.0034531326965517263,1182.1172413793104,88,88,1
107,53.5s - 54.0s,153,0.003274824993464053,1161.862745098039,94,94,1
108,54.0s - 54.5s,143,0.0035338647692307675,1181.0,85,85,1
109,54.5s - 55.0s,145,0.0033398992068965497,1161.2137931034483,90,90,1
110,55.0s - 55.5s,146,0.00350004540410959,1201.8835616438357,88,88,1
111,55.5s - 56.0s,140,0.003582680449999998,1174.9642857142858,88,88,1
112,56.0s - 56.5s,151,0.003303370662251655,1156.3245033112582,90,90,1
113,56.5s - 57.0s,140,0.0035108071357142874,1171.4285714285713,79,79,1
114,57.0s - 57.5s,158,0.003230638386075949,1157.246835443038,100,100,1
115,57.5s - 58.0s,148,0.00338021654054054,1188.0472972972973,88,88,1
116,58.0s - 58.5s,150,0.003337900593333334,1183.9933333333333,93,93,1
117,58.5s - 59.0s,140,0.0035701309428571412,1184.2785714285715,83,83,1
118,59.0s - 59.5s,151,0.0033234335629139062,1186.7549668874171,93,93,1
119,59.5s - 60.0s,149,0.003347432879194629,1174.1744966442952,88,88,1
120,60.0s - 60.5s,150,0.003343599133333333,1170.7066666666667,90,90,1
121,60.5s - 61.0s,140,0.0035693678999999963,1151.7285714285715,86,86,1
122,61.0s - 61.5s,141,0.003547981276595747,1160.290780141844,83,83,1
123,61.5s - 62.0s,156,0.0032124319294871795,1186.8589743589744,97,97,1
124,62.0s - 62.5s,151,0.003243411880794703,1189.1258278145694,95,95,1
125,62.5s - 63.0s,151,0.0033824859470198677,1188.8211920529802,87,87,1
126,63.0s - 63.5s,153,0.0032690429999999997,1178.921568627451,97,97,1
127,63.5s - 64.0s,137,0.003586830124087592,1171.3868613138686,79,79,1
128,64.0s - 64.5s,145,0.0034483518344827586,1200.5655172413792,88,88,1
129,64.5s - 65.0s,156,0.0032125919230769242,1146.974358974359,93,93,1
130,65.0s - 65.5s,134,0.003653231940298506,1177.3507462686566,79,79,1
131,65.5s - 66.0s,155,0.0032969457354838695,1175.8516129032257,95,95,1
132,66.0s - 66.5s,140,0.003569725992857143,1169.3285714285714,87,87,1
133,66.5s - 67.0s,149,0.0033703037986577184,1186.4228187919464,89,89,1
134,67.0s - 67.5s,146,0.0034198361780821917,1172.8150684931506,90,90,1
135,67.5s - 68.0s,147,0.003336718081632654,1190.843537414966,87,87,1
136,68.0s - 68.5s,140,0.003644803985714285,1172.75,83,83,1
137,68.5s - 69.0s,146,0.003424653342465754,1173.835616438356,88,88,1
138,69.0s - 69.5s,139,0.00360800118705036,1213.6762589928057,82,82,1
139,69.5s - 70.0s,151,0.0033083863443708604,1169.0927152317881,93,93,1
140,70.0s - 70.5s,146,0.0032935697191780852,1180.9246575342465,89,89,1
141,70.5s - 71.0s,149,0.0034895773691275187,1190.0805369127518,91,91,1
142,71.0s - 71.5s,139,0.0036000967913669044,1176.2877697841727,86,86,1
143,71.5s - 72.0s,148,0.0033825420810810816,1172.527027027027,90,90,1
144,72.0s - 72.5s,145,0.0033197005448275855,1166.8758620689655,91,91,1
145,72.5s - 73.0s,149,0.0034913987449664424,1196.3087248322147,90,90,1
146,73.0s - 73.5s,137,0.0035777225474452573,1186.1313868613138,82,82,1
147,73.5s - 74.0s,143,0.0035659805944055953,1186.4475524475524,87,87,1
148,74.0s - 74.5s,140,0.0033675074142857143,1191.4357142857143,83,83,1
149,74.5s - 75.0s,140,0.003670459178571432,1158.7571428571428,78,78,1
150,75.0s - 75.5s,136,0.0037197547352941173,1180.8823529411766,83,83,1
151,75.5s - 76.0s,158,0.003010289392405063,1205.1708860759493,98,98,1
152,76.0s - 76.5s,161,0.0032658760621118005,1156.9813664596272,100,100,1
153,76.5s - 77.0s,145,0.0034531792482758615,1165.1655172413793,87,87,1
154,77.0s - 77.5s,139,0.00360060371942446,1192.158273381295,86,86,1
155,77.5s - 78.0s,147,0.0034022587278911562,1196.7823129251701,90,90,1
156,78.0s - 78.5s,138,0.003266651202898551,1179.7028985507247,83,83,1
157,78.5s - 79.0s,159,0.0033965884088050296,1202.8993710691823,99,99,1
158,79.0s - 79.5s,151,0.003379770688741721,1180.271523178808,91,91,1
159,79.5s - 80.0s,154,0.0032528238376623385,1130.6298701298701,90,90,1
160,80.0s - 80.5s,140,0.0035728504428571427,1202.8642857142856,89,89,1
161,80.5s - 81.0s,151,0.0033148462450331108,1188.1258278145694,91,91,1
162,81.0s - 81.5s,149,0.0033586349597315443,1163.456375838926,89,89,1
163,81.5s - 82.0s,142,0.0034972967323943656,1186.4788732394366,86,86,1
164,82.0s - 82.5s,154,0.003274095636363636,1188.6168831168832,96,96,1
165,82.5s - 83.0s,143,0.0035006901958041944,1200.7062937062938,91,91,1
166,83.0s - 83.5s,149,0.003359391208053693,1168.523489932886,87,87,1
167,83.5s - 84.0s,155,0.003228712619354839,1166.141935483871,92,92,1
168,84.0s - 84.5s,150,0.003337214133333333,1190.46,91,91,1
169,84.5s - 85.0s,143,0.0034284597202797196,1167.167832167832,86,86,1
170,85.0s - 85.5s,148,0.003388386918918919,1160.6013513513512,86,86,1
171,85.5s - 86.0s,138,0.0036192140869565205,1178.2028985507247,78,78,1
172,86.0s - 86.5s,149,0.0033586068255033563,1177.221476510067,92,92,1
173,86.5s - 87.0s,145,0.003385909972413793,1186.6137931034482,89,89,1
174,87.0s - 87.5s,154,0.0033135746818181815,1176.6883116883116,92,92,1
175,87.5s - 88.0s,148,0.003379713635135136,1187.3175675675675,91,91,1
176,88.0s - 88.5s,136,0.0036094601323529395,1178.6838235294117,81,81,1
177,88.5s - 89.0s,154,0.0033181970259740265,1167.9805194805194,93,93,1
178,89.0s - 89.5s,134,0.0037294460671641796,1193.7014925373135,80,80,1
179,89.5s - 90.0s,140,0.00358168672142857,1165.6785714285713,80,80,1
180,90.0s - 90.5s,151,0.0032426618807947015,1221.5430463576158,95,95,1
181,90.5s - 91.0s,151,0.0033815013443708607,1180.5761589403974,91,91,1
182,91.0s - 91.5s,145,0.0034546249172413795,1168.9448275862069,93,93,1
183,91.5s - 92.0s,147,0.0033977744829931976,1196.0680272108843,88,88,1
184,92.0s - 92.5s,140,0.003555370785714287,1190.0642857142857,85,85,1
185,92.5s - 93.0s,142,0.0035520726197183104,1174.6549295774648,85,85,1
186,93.0s - 93.5s,146,0.0033707530205479455,1181.0753424657535,91,91,1
187,93.5s - 94.0s,132,0.0038455666590909085,1197.75,82,82,1
188,94.0s - 94.5s,150,0.003272930646666663,1177.52,92,92,1
189,94.5s - 95.0s,151,0.0033822670993377464,1146.7549668874171,87,87,1
190,95.0s - 95.5s,147,0.0033416974625850313,1188.2380952380952,91,91,1
191,95.5s - 96.0s,144,0.003524815430555556,1160.2083333333333,82,82,1
192,96.0s - 96.5s,153,0.0032144083921568636,1185.359477124183,93,93,1
193,96.5s - 97.0s,147,0.003405109469387755,1161.5102040816328,89,89,1
194,97.0s - 97.5s,140,0.003575589985714286,1184.7857142857142,83,83,1
195,97.5s - 98.0s,139,0.0036012492230215825,1177.179856115108,84,84,1
196,98.0s - 98.5s,141,0.0035525156950354606,1189.4113475177305,86,86,1
197,98.5s - 99.0s,158,0.0031925764113924044,1157.246835443038,99,99,1
198,99.0s - 99.5s,144,0.0034450584305555556,1170.2083333333333,87,87,1
199,99.5s - 100.0s,151,0.0033140361920529797,1182.317880794702,90,90,1
200,100.0s - 100.5s,137,0.003662892218978102,1199.2408759124087,80,80,1
201,100.5s - 101.0s,150,0.0033295555599999983,1221.1933333333334,97,97,1
202,101.0s - 101.5s,148,0.0033860068986486464,1163.472972972973,85,85,1
203,101.5s - 102.0s,148,0.003374064108108109,1173.1418918918919,91,91,1
204,102.0s - 102.5s,151,0.0033206234635761596,1122.476821192053,83,83,1
205,102.5s - 103.0s,138,0.003619479434782609,1203.1521739130435,85,85,1
206,103.0s - 103.5s,154,0.0032039284155844167,1182.4675324675325,92,92,1
207,103.5s - 104.0s,137,0.003675193401459855,1155.6861313868612,79,79,1
208,104.0s - 104.5s,139,0.00356965661151079,1214.36690647482,86,86,1
209,104.5s - 105.0s,158,0.003220525835443038,1179.4177215189873,96,96,1
210,105.0s - 105.5s,142,0.003459048387323944,1209.8661971830986,87,87,1
211,105.5s - 106.0s,146,0.0034924959109589038,1181.1712328767123,88,88,1
212,106.0s - 106.5s,139,0.0035312668129496402,1147.3812949640287,79,79,1
213,106.5s - 107.0s,145,0.003447523082758619,1188.510344827586,90,90,1
214,107.0s - 107.5s,138,0.0036355283333333334,1186.159420289855,82,82,1
215,107.5s - 108.0s,156,0.003200613564102563,1168.7884615384614,93,93,1
216,108.0s - 108.5s,138,0.003626479471014492,1203.623188405797,81,81,1
217,108.5s - 109.0s,142,0.0035259446549295755,1181.9577464788733,86,86,1
218,109.0s - 109.5s,146,0.0034318108356164367,1149.2808219178082,87,87,1
219,109.5s - 110.0s,152,0.0032234977368421035,1148.0263157894738,91,91,1
220,110.0s - 110.5s,153,0.003335899620915032,1183.326797385621,91,91,1
221,110.5s - 111.0s,129,0.0038780356511627927,1158.3100775193798,74,74,1
222,111.0s - 111.5s,159,0.003154113704402514,1174.0125786163521,96,96,1
223,111.5s - 112.0s,141,0.003543800269503546,1195.5744680851064,85,85,1
224,112.0s - 112.5s,146,0.0034272021986301365,1203.164383561644,88,88,1
225,112.5s - 113.0s,140,0.0035124304642857158,1180.7,83,83,1
226,113.0s - 113.5s,146,0.003487702910958904,1159.2602739726028,90,90,1
227,113.5s - 114.0s,137,0.0035819126934306575,1159.6350364963503,83,83,1
228,114.0s - 114.5s,149,0.003367106248322147,1177.6040268456377,89,89,1
229,114.5s - 115.0s,132,0.003706388712121213,1183.4772727272727,77,77,1
230,115.0s - 115.5s,151,0.0034501580596026492,1196.271523178808,93,93,1
231,115.5s - 116.0s,144,0.003469627145833333,1181.111111111111,86,86,1
232,116.0s - 116.5s,139,0.0036012403021582723,1172.3093525179856,85,85,1
233,116.5s - 117.0s,148,0.0033558171486486486,1189.1283783783783,88,88,1
234,117.0s - 117.5s,160,0.0030879873500000003,1148.0125,99,99,1
235,117.5s - 118.0s,140,0.003432467257142857,1168.857142857143,83,83,1
236,118.0s - 118.5s,152,0.003430410355263159,1146.532894736842,90,90,1
237,118.5s - 119.0s,120,0.0041238533833333315,1161.6583333333333,67,67,1
238,119.0s - 119.5s,154,0.0032801380454545457,1211.1818181818182,99,99,1
239,119.5s - 120.0s,145,0.00338210423448276,1165.551724137931,87,87,1
240,120.0s - 120.5s,136,0.0037669069632352958,1168.8970588235295,75,75,1
241,120.5s - 121.0s,144,0.0034686965694444454,1140.375,85,85,1
242,121.0s - 121.5s,142,0.003455576718309859,1172.7957746478874,83,83,1
243,121.5s - 122.0s,144,0.0035402331944444456,1195.875,83,83,1
244,122.0s - 122.5s,142,0.0035235655352112674,1174.1267605633802,84,84,1
245,122.5s - 123.0s,145,0.003449820034482757,1176.3517241379311,88,88,1
246,123.0s - 123.5s,153,0.0032077668627450975,1179.7581699346406,95,95,1
247,123.5s - 124.0s,144,0.003548093187499999,1167.1666666666667,85,85,1
248,124.0s - 124.5s,144,0.0034030374861111095,1174.8125,91,91,1
249,124.5s - 125.0s,137,0.003695638109489048,1158.5474452554745,81,81,1
250,125.0s - 125.5s,149,0.003349891677852351,1177.8791946308725,89,89,1
251,125.5s - 126.0s,136,0.00366972256617647,1183.0073529411766,81,81,1
252,126.0s - 126.5s,155,0.0032752506516129033,1163.141935483871,93,93,1
253,126.5s - 127.0s,131,0.0038187078167938927,1166.8473282442749,74,74,1
254,127.0s - 127.5s,145,0.003386229475862069,1166.9793103448276,88,88,1
255,127.5s - 128.0s,125,0.003997388111999999,1160.512,71,71,1
256,128.0s - 128.5s,105,0.004805937590476191,1081.7238095238095,48,48,1
257,128.5s - 129.0s,153,0.0032461834313725502,1186.575163398693,93,93,1
258,129.0s - 129.5s,151,0.003315194589403973,1174.841059602649,90,90,1
259,129.5s - 130.0s,147,0.0033382191224489797,1177.3333333333333,89,89,1
260,130.0s - 130.5s,143,0.00356978697202797,1187.7062937062938,87,87,1
261,130.5s - 131.0s,142,0.0033830808591549283,1179.5211267605634,87,87,1
262,131.0s - 131.5s,115,0.004523807895652174,1134.1913043478262,57,57,1
263,131.5s - 132.0s,148,0.0033794572094594582,1189.1418918918919,92,92,1
264,132.0s - 132.5s,140,0.0035748057071428555,1123.0785714285714,80,80,1
265,132.5s - 133.0s,106,0.004743896971698114,1153.698113207547,48,48,1
266,133.0s - 133.5s,126,0.003953433166666666,1115.4285714285713,67,67,1
267,133.5s - 134.0s,154,0.003248744311688311,1175.8831168831168,96,96,1
268,134.0s - 134.5s,129,0.003879573751937987,1163.2015503875969,72,72,1
269,134.5s - 135.0s,138,0.0034547879057971044,1193.2101449275362,83,83,1
270,135.0s - 135.5s,138,0.0037698960289855054,1175.623188405797,77,77,1
271,135.5s - 136.0s,131,0.0033852563511450385,1173.7557251908397,80,80,1
272,136.0s - 136.5s,176,0.0031323837784090927,1165.1818181818182,115,115,1
273,136.5s - 137.0s,159,0.0031494257924528308,1176.1761006289307,99,99,1
274,137.0s - 137.5s,142,0.003535075838028168,1198.9014084507041,86,86,1
275,137.5s - 138.0s,144,0.003300578770833334,1153.1944444444443,87,87,1
276,138.0s - 138.5s,151,0.003406359748344372,1180.1854304635763,91,91,1
277,138.5s - 139.0s,139,0.0036764113093525168,1181.568345323741,84,84,1
278,139.0s - 139.5s,124,0.0038231363870967748,1204.8870967741937,72,72,0
279,139.5s - 140.0s,140,0.003760435664285714,1145.3642857142856,80,80,0
280,140.0s - 140.5s,136,0.0036848702426470594,1078.2279411764705,72,72,0
281,140.5s - 141.0s,83,0.005413477807228916,970.3373493975904,27,27,0
282,141.0s - 141.5s,97,0.005590823061855668,968.9587628865979,31,31,0
283,141.5s - 142.0s,92,0.0054299921304347834,999.4673913043479,29,29,0
284,142.0s - 142.5s,91,0.00537818085714286,953.8131868131868,30,30,0
285,142.5s - 143.0s,93,0.0055338713333333315,996.2258064516129,26,26,0
286,143.0s - 143.5s,95,0.005368210947368423,952.7578947368421,25,25,0
287,143.5s - 144.0s,77,0.005813178688311688,977.6623376623377,17,17,0
288,144.0s - 144.5s,121,0.004551781099173553,1122.1322314049587,53,53,0
289,144.5s - 145.0s,165,0.003028381375757575,1184.2060606060606,98,98,0
290,145.0s - 145.5s,157,0.0031219373439490437,1159.2611464968154,90,90,0
291,145.5s - 146.0s,149,0.0034289709463087227,1214.979865771812,89,89,0
292,146.0s - 146.5s,156,0.0031398584743589737,1177.474358974359,93,93,0
293,146.5s - 147.0s,144,0.003545874951388887,1147.4444444444443,84,84,0
294,147.0s - 147.5s,161,0.0031130896024844715,1148.3850931677018,90,90,0
295,147.5s - 148.0s,149,0.0032925771409395973,1169.0604026845638,81,81,0
296,148.0s - 148.5s,160,0.0031855008687500007,1179.20625,93,93,0
297,148.5s - 149.0s,144,0.0034587641388888874,1203.263888888889,88,88,0
298,149.0s - 149.5s,135,0.0036788891851851848,1172.1037037037038,69,69,0
299,149.5s - 150.0s,160,0.0030427754250000006,1182.46875,96,96,0
300,150.0s - 150.5s,143,0.003570233083916085,1144.4825174825176,76,76,0
301,150.5s - 151.0s,152,0.003313860328947368,1181.0,91,91,0
302,151.0s - 151.5s,159,0.0031297838364779873,1169.2704402515724,95,95,0
303,151.5s - 152.0s,110,0.004218261772727273,1095.5727272727272,52,52,0
304,152.0s - 152.5s,92,0.005867191239130434,954.8260869565217,26,26,0
305,152.5s - 153.0s,79,0.006169647341772152,1000.6455696202531,14,14,0
306,153.0s - 153.5s,100,0.00511107845,1105.69,39,39,0
307,153.5s - 154.0s,113,0.0043654227876106155,1105.1592920353983,48,48,0
308,154.0s - 154.5s,158,0.0032072367531645546,1201.6772151898733,92,92,0
309,154.5s - 155.0s,147,0.003334494108843538,1119.7755102040817,80,80,0
310,155.0s - 155.5s,101,0.005057940346534653,1039.1089108910892,40,40,0
311,155.5s - 156.0s,99,0.005064485333333331,1075.040404040404,30,30,0
312,156.0s - 156.5s,96,0.005173755645833333,985.8541666666666,35,35,0
313,156.5s - 157.0s,88,0.005713322250000002,954.6477272727273,26,26,0
314,157.0s - 157.5s,121,0.004144959338842974,1124.0826446280992,54,54,0
315,157.5s - 158.0s,108,0.004257814666666667,1121.5925925925926,48,48,0
316,158.0s - 158.5s,101,0.005349948118811883,1025.3168316831684,34,34,0
317,158.5s - 159.0s,107,0.00458846521495327,1048.5420560747664,43,43,0
318,159.0s - 159.5s,136,0.0037440051985294133,1138.235294117647,71,71,0
319,159.5s - 160.0s,158,0.0031184043101265832,1206.8227848101267,95,95,0
320,160.0s - 160.5s,164,0.003042817963414633,1196.7012195121952,99,99,0
321,160.5s - 161.0s,152,0.0033077916578947387,1190.3092105263158,88,88,0
322,161.0s - 161.5s,163,0.003062939478527606,1184.6564417177915,100,100,0
323,161.5s - 162.0s,130,0.0038418558461538435,1119.2384615384615,66,66,0
324,162.0s - 162.5s,158,0.0031690358354430396,1179.6645569620252,90,90,0
325,162.5s - 163.0s,151,0.003311971966887417,1144.3774834437086,87,87,0
326,163.0s - 163.5s,125,0.0040051209600000005,1128.328,58,58,0
327,163.5s - 164.0s,154,0.003255139272727273,1209.1688311688313,91,91,0
328,164.0s - 164.5s,155,0.0032250698580645176,1172.6967741935484,92,92,0
329,164.5s - 165.0s,157,0.003187997121019108,1176.2993630573249,95,95,0
330,165.0s - 165.5s,124,0.0039908832419354836,1139.3629032258063,61,61,0
331,165.5s - 166.0s,131,0.003862330030534352,1141.4045801526718,63,63,0
332,166.0s - 166.5s,128,0.0038339115390624997,1086.3671875,65,65,0
333,166.5s - 167.0s,94,0.005429175148936171,1076.4787234042553,28,28,0
334,167.0s - 167.5s,108,0.004648387046296297,1127.0462962962963,46,46,0
335,167.5s - 168.0s,139,0.0035872972230215814,1170.5611510791366,79,79,0
336,168.0s - 168.5s,135,0.003708729377777777,1164.8296296296296,66,66,0
337,168.5s - 169.0s,103,0.004829710912621359,1020.1553398058253,37,37,0
338,169.0s - 169.5s,77,0.006342859597402597,1046.3896103896104,17,17,0
339,169.5s - 170.0s,87,0.005807770080459769,983.3333333333334,18,18,0
340,170.0s - 170.5s,95,0.0052680019578947345,1064.0736842105264,29,29,0
341,170.5s - 171.0s,145,0.003451827303448276,1202.2551724137932,82,82,0
342,171.0s - 171.5s,107,0.004714233485981307,1099.9532710280373,44,44,0
343,171.5s - 172.0s,82,0.006121766597560976,1005.6951219512196,17,17,0
344,172.0s - 172.5s,78,0.006128225538461538,1024.8333333333333,12,12,0
345,172.5s - 173.0s,99,0.0052601151818181795,1027.6666666666667,38,38,0
346,173.0s - 173.5s,100,0.005019215979999998,987.72,33,33,0
347,173.5s - 174.0s,96,0.005166887187499999,1061.25,35,35,0
348,174.0s - 174.5s,87,0.005739755149425288,972.8850574712644,25,25,0
349,174.5s - 175.0s,85,0.0059446482823529425,1002.4705882352941,21,21,0
350,175.0s - 175.5s,116,0.004257335465517243,1088.7758620689656,49,49,0
351,175.5s - 176.0s,143,0.0034525485594405613,1164.2517482517483,81,81,0
352,176.0s - 176.5s,100,0.005038097,1158.86,37,37,0
353,176.5s - 177.0s,93,0.005339860720430108,999.3978494623656,29,29,0
354,177.0s - 177.5s,104,0.004808928336538462,1014.8365384615385,39,39,0
355,177.5s - 178.0s,92,0.0055642389456521755,962.3586956521739,29,29,0
356,178.0s - 178.5s,101,0.004942320297029705,1100.079207920792,41,41,0
357,178.5s - 179.0s,95,0.0052752109368421046,1037.0842105263157,30,30,0
358,179.0s - 179.5s,86,0.005802135593023255,971.2093023255813,22,22,0
359,179.5s - 180.0s,77,0.006252568233766234,1057.2467532467533,12,12,0
360,180.0s - 180.5s,117,0.004448153632478631,1134.6837606837607,51,51,0
361,180.5s - 181.0s,151,0.003246834112582783,1166.3112582781457,90,90,0
362,181.0s - 181.5s,160,0.0031318144187500014,1175.75,90,90,0
363,181.5s - 182.0s,142,0.0035469811971830982,1159.119718309859,79,79,0
364,182.0s - 182.5s,133,0.0037208156691729334,1140.2932330827068,70,70,0
365,182.5s - 183.0s,144,0.00335015953472222,1194.9375,82,82,0
366,183.0s - 183.5s,133,0.003915270661654136,1158.6466165413533,66,66,0
367,183.5s - 184.0s,115,0.004350098408695655,1092.5391304347827,52,52,0
368,184.0s - 184.5s,162,0.003126771512345679,1203.6728395061727,95,95,0
369,184.5s - 185.0s,161,0.00300864802484472,1159.5093167701864,94,94,0
370,185.0s - 185.5s,136,0.003754792661764707,1165.1029411764705,76,76,0
371,185.5s - 186.0s,154,0.003097265435064933,1188.9415584415585,90,90,0
372,186.0s - 186.5s,166,0.003071613283132529,1169.9156626506024,99,99,0
373,186.5s - 187.0s,148,0.0034747438040540553,1180.7567567567567,83,83,0
374,187.0s - 187.5s,151,0.0033230313311258287,1212.9337748344371,90,90,0
375,187.5s - 188.0s,150,0.0033317035533333324,1186.5933333333332,86,86,0
376,188.0s - 188.5s,90,0.005274759411111108,1045.3111111111111,27,27,0
377,188.5s - 189.0s,115,0.004421734852173913,1076.4173913043478,52,52,0
378,189.0s - 189.5s,182,0.002799447807692309,1190.2637362637363,114,114,0
379,189.5s - 190.0s,144,0.003183330694444443,1183.8194444444443,85,85,0
380,190.0s - 190.5s,172,0.003205616209302327,1190.1976744186047,101,101,0
381,190.5s - 191.0s,120,0.004164871758333333,1106.5833333333333,56,56,0
382,191.0s - 191.5s,104,0.004718127125000001,1077.9326923076924,38,38,0
383,191.5s - 192.0s,118,0.004153098135593221,1095.1016949152543,59,59,0
384,192.0s - 192.5s,85,0.0059426496941176465,1028.1411764705883,16,16,0
385,192.5s - 193.0s,159,0.003200030597484276,1144.5408805031448,92,92,0
386,193.0s - 193.5s,122,0.004079527336065573,1194.4262295081967,63,63,0
387,193.5s - 194.0s,150,0.0033459058133333336,1189.3466666666666,85,85,0
388,194.0s - 194.5s,142,0.0034432384647887326,1158.838028169014,84,84,0
389,194.5s - 195.0s,93,0.005488424526881719,1060.1827956989248,26,26,0
390,195.0s - 195.5s,127,0.003943633874015749,1145.732283464567,56,56,0
391,195.5s - 196.0s,128,0.003908415179687501,1149.6015625,61,61,0
392,196.0s - 196.5s,95,0.00517258105263158,998.7578947368421,30,30,0
393,196.5s - 197.0s,81,0.006249221962962963,1002.7530864197531,17,17,0
394,197.0s - 197.5s,106,0.004728403160377359,1105.4056603773586,40,40,0
395,197.5s - 198.0s,88,0.005715033409090909,1026.9431818181818,24,24,0
396,198.0s - 198.5s,101,0.0049652890891089116,1026.5643564356435,36,36,0
397,198.5s - 199.0s,135,0.003704644192592592,1170.4814814814815,69,69,0
398,199.0s - 199.5s,151,0.003314480264900661,1190.2516556291391,87,87,0
399,199.5s - 200.0s,170,0.0029450729705882356,1149.0941176470587,105,105,0
400,200.0s - 200.5s,110,0.004542503881818181,1031.590909090909,39,39,0
401,200.5s - 201.0s,90,0.005565578211111111,1071.0666666666666,25,25,0
402,201.0s - 201.5s,89,0.005617415415730337,1042.2921348314608,27,27,0
403,201.5s - 202.0s,78,0.006381816371794872,1038.8461538461538,14,14,0
404,202.0s - 202.5s,83,0.0059659092771084336,984.2650602409639,18,18,0
405,202.5s - 203.0s,86,0.005800311348837208,969.9418604651163,26,26,0
406,203.0s - 203.5s,115,0.004398617730434783,1127.0521739130436,60,60,0
407,203.5s - 204.0s,154,0.0032185301363636346,1182.974025974026,94,94,0
408,204.0s - 204.5s,153,0.003271495967320261,1160.248366013072,98,98,0
409,204.5s - 205.0s,101,0.004965359217821785,1058.1584158415842,43,43,0
410,205.0s - 205.5s,146,0.003416804219178081,1160.3698630136987,83,83,0
411,205.5s - 206.0s,97,0.005051873680412372,1089.639175257732,44,44,0
412,206.0s - 206.5s,97,0.005263083628865979,1076.2577319587629,36,36,0
413,206.5s - 207.0s,68,0.007214855470588237,1040.4411764705883,12,12,0
414,207.0s - 207.5s,85,0.006039079576470589,932.635294117647,22,22,0
415,207.5s - 208.0s,67,0.007315413626865673,1000.6417910447761,11,11,0
416,208.0s - 208.5s,105,0.0048247284000000005,1116.4761904761904,47,47,0
417,208.5s - 209.0s,131,0.00383099458778626,1139.557251908397,73,73,0
418,209.0s - 209.5s,139,0.0036074818417266186,1168.928057553957,82,82,0
419,209.5s - 210.0s,93,0.005372294537634409,1085.6881720430108,37,37,0
420,210.0s - 210.5s,128,0.0039196276796875,1155.984375,70,70,1
421,210.5s - 211.0s,153,0.0032667858104575166,1168.7843137254902,97,97,1
422,211.0s - 211.5s,154,0.003244959441558443,1180.6818181818182,95,95,1
423,211.5s - 212.0s,148,0.0033278929527027026,1184.7567567567567,90,90,1
424,212.0s - 212.5s,151,0.003300835887417219,1182.8476821192053,96,96,1
425,212.5s - 213.0s,144,0.003525407763888889,1168.6875,87,87,1
426,213.0s - 213.5s,144,0.003366628027777777,1153.638888888889,86,86,1
427,213.5s - 214.0s,143,0.0035588530839160853,1165.013986013986,84,84,1
428,214.0s - 214.5s,142,0.003564777542253521,1175.394366197183,84,84,1
429,214.5s - 215.0s,146,0.003392539534246579,1134.445205479452,92,92,1
430,215.0s - 215.5s,148,0.0033765790472972982,1163.8445945945946,89,89,1
431,215.5s - 216.0s,128,0.00374667796875,1198.296875,77,77,1
432,216.0s - 216.5s,161,0.0032326880993788828,1189.8385093167701,103,103,1
433,216.5s - 217.0s,144,0.003421517284722222,1167.6875,84,84,1
434,217.0s - 217.5s,141,0.003633985673758865,1191.8014184397164,85,85,1
435,217.5s - 218.0s,136,0.0036349435220588253,1189.7426470588234,79,79,1
436,218.0s - 218.5s,175,0.0029005855028571446,1157.8514285714286,116,116,1
437,218.5s - 219.0s,147,0.003356031142857143,1157.7619047619048,87,87,1
438,219.0s - 219.5s,145,0.003474296082758622,1177.9448275862069,89,89,1
439,219.5s - 220.0s,150,0.0033341997333333324,1173.4733333333334,88,88,1
440,220.0s - 220.5s,141,0.0035576343049645407,1162.1418439716313,85,85,1
441,220.5s - 221.0s,150,0.0033288528,1182.4866666666667,92,92,1
442,221.0s - 221.5s,139,0.003602835848920861,1173.5395683453237,80,80,1
443,221.5s - 222.0s,146,0.0034261184109589046,1189.1575342465753,96,96,1
444,222.0s - 222.5s,145,0.003451435110344829,1118.5862068965516,78,78,1
445,222.5s - 223.0s,150,0.0032802520266666684,1184.9466666666667,91,91,1
446,223.0s - 223.5s,149,0.003349635241610738,1164.3154362416108,92,92,1
447,223.5s - 224.0s,140,0.0035834611357142853,1164.1,84,84,1
448,224.0s - 224.5s,152,0.003274847210526315,1205.6315789473683,87,87,1
449,224.5s - 225.0s,146,0.0034466577602739737,1185.4109589041095,90,90,1
450,225.0s - 225.5s,144,0.0034749738888888884,1180.1875,88,88,1
451,225.5s - 226.0s,152,0.0033087674276315784,1177.0526315789473,90,90,1
452,226.0s - 226.5s,144,0.0034545953263888894,1157.298611111111,84,84,1
453,226.5s - 227.0s,149,0.003355080805369127,1186.020134228188,87,87,1
454,227.0s - 227.5s,143,0.003497818482517483,1187.2167832167831,89,89,1
455,227.5s - 228.0s,143,0.0035012157272727266,1169.93006993007,84,84,1
456,228.0s - 228.5s,142,0.0035286939577464814,1162.9084507042253,82,82,1
457,228.5s - 229.0s,146,0.0034416191095890405,1211.4109589041095,89,89,1
458,229.0s - 229.5s,128,0.0038573737656249986,1166.09375,68,68,1
459,229.5s - 230.0s,115,0.004365015321739129,1104.0434782608695,56,56,1
460,230.0s - 230.5s,92,0.005380818119565217,1032.7934782608695,35,35,1
461,230.5s - 231.0s,112,0.004559595821428572,1133.4285714285713,52,52,1
462,231.0s - 231.5s,126,0.003930506753968254,1164.047619047619,73,73,1
463,231.5s - 232.0s,137,0.003684606963503651,1180.846715328467,81,81,1
464,232.0s - 232.5s,129,0.003871467100775193,1152.3720930232557,69,69,1
465,232.5s - 233.0s,94,0.005302933085106382,1031.6063829787233,37,37,1
466,233.0s - 233.5s,91,0.005428837285714288,993.054945054945,35,35,1
467,233.5s - 234.0s,91,0.005500636560439558,955.2857142857143,33,33,1
468,234.0s - 234.5s,93,0.005382563247311827,1056.3118279569892,31,31,1
469,234.5s - 235.0s,103,0.004755875029126214,1074.4271844660195,47,47,1
470,235.0s - 235.5s,86,0.006010692104651166,1054.8255813953488,29,29,1
471,235.5s - 236.0s,102,0.00485455612745098,1098.5392156862745,47,47,1
472,236.0s - 236.5s,122,0.004114465032786885,1152.0081967213114,67,67,1
473,236.5s - 237.0s,115,0.0043529027739130435,1171.7043478260869,56,56,1
474,237.0s - 237.5s,118,0.004169006661016949,1089.364406779661,58,58,1
475,237.5s - 238.0s,135,0.003781819799999999,1170.9185185185186,78,78,1
476,238.0s - 238.5s,114,0.004312703754385966,1162.5877192982457,57,57,1
477,238.5s - 239.0s,115,0.0043550067043478255,1121.9739130434782,57,57,1
478,239.0s - 239.5s,101,0.004974865029702968,1138.9405940594058,42,42,1
479,239.5s - 240.0s,93,0.005380603709677419,1012.4301075268817,38,38,1
480,240.0s - 240.5s,86,0.005705630488372092,966.3255813953489,26,26,1
481,240.5s - 241.0s,119,0.004300852344537817,1118.310924369748,56,56,1
482,241.0s - 241.5s,161,0.003111873863354037,1152.9130434782608,103,103,1
483,241.5s - 242.0s,139,0.003534271323741008,1204.2230215827337,85,85,1
484,242.0s - 242.5s,151,0.0033300816821192052,1204.4238410596026,93,93,1
485,242.5s - 243.0s,132,0.0037887261136363634,1191.9621212121212,80,80,1
486,243.0s - 243.5s,147,0.0034048173673469407,1186.4625850340135,86,86,1
487,243.5s - 244.0s,150,0.0033177593533333318,1183.8466666666666,91,91,1
488,244.0s - 244.5s,101,0.005001053603960397,1126.6732673267327,48,48,1
489,244.5s - 245.0s,96,0.005236961937499999,913.625,33,33,1
490,245.0s - 245.5s,99,0.004970417707070709,1169.141414141414,41,41,1
491,245.5s - 246.0s,122,0.004103857672131147,1142.1967213114754,64,64,1
492,246.0s - 246.5s,95,0.005253878505263159,1117.0842105263157,38,38,1
493,246.5s - 247.0s,112,0.004219292437499998,1165.7142857142858,56,56,1
494,247.0s - 247.5s,157,0.003378382598726114,1178.5796178343949,98,98,1
495,247.5s - 248.0s,120,0.004173157566666665,1139.1833333333334,62,62,1
496,248.0s - 248.5s,102,0.0049002595882352935,1087.735294117647,42,42,1
497,248.5s - 249.0s,113,0.004357937061946903,1085.4070796460178,55,55,1
498,249.0s - 249.5s,160,0.0031932793062500004,1205.06875,101,101,1
499,249.5s - 250.0s,92,0.005449965891304346,1032.6630434782608,33,33,1
500,250.0s - 250.5s,135,0.0036413104444444435,1189.0518518518518,79,79,1
501,250.5s - 251.0s,136,0.003684007058823529,1177.0955882352941,79,79,1
502,251.0s - 251.5s,143,0.0035006606853146844,1197.4825174825176,87,87,1
503,251.5s - 252.0s,158,0.0031109565886075965,1183.4746835443038,97,97,1
504,252.0s - 252.5s,153,0.0033370331960784305,1139.5228758169935,96,96,1
505,252.5s - 253.0s,149,0.0032347730067114086,1200.8724832214766,89,89,1
506,253.0s - 253.5s,153,0.003409266398692808,1170.8823529411766,90,90,1
507,253.5s - 254.0s,143,0.0034966889370629368,1175.1118881118882,85,85,1
508,254.0s - 254.5s,141,0.0034152152198581574,1178.1205673758866,86,86,1
509,254.5s - 255.0s,140,0.003599591435714284,1196.2214285714285,83,83,1
510,255.0s - 255.5s,154,0.003298454045454544,1170.2012987012988,96,96,1
511,255.5s - 256.0s,111,0.004436317747747748,1199.4234234234234,60,60,1
512,256.0s - 256.5s,183,0.0027855371857923505,1160.7704918032787,122,122,1
513,256.5s - 257.0s,139,0.0036032695251798563,1170.9928057553957,83,83,1
514,257.0s - 257.5s,119,0.004129370126050419,1145.764705882353,65,65,1
515,257.5s - 258.0s,156,0.003274365628205129,1160.2179487179487,96,96,1
516,258.0s - 258.5s,121,0.004112710214876031,1176.9669421487604,67,67,1
517,258.5s - 259.0s,149,0.0031872933489932895,1198.986577181208,91,91,1
518,259.0s - 259.5s,158,0.0033584575189873392,1209.1645569620252,99,99,1
519,259.5s - 260.0s,143,0.0034367579370629354,1164.4405594405594,83,83,1
520,260.0s - 260.5s,149,0.003293086852348994,1177.5906040268455,96,96,1
521,260.5s - 261.0s,151,0.003402271145695365,1210.7152317880796,92,92,1
522,261.0s - 261.5s,145,0.003436772006896553,1175.4068965517242,88,88,1
523,261.5s - 262.0s,148,0.003385242033783785,1185.5067567567567,89,89,1
524,262.0s - 262.5s,146,0.0034383038904109583,1171.3150684931506,87,87,1
525,262.5s - 263.0s,142,0.0035375836830985915,1196.225352112676,83,83,1
526,263.0s - 263.5s,131,0.0038146531603053427,1191.2442748091603,77,77,1
527,263.5s - 264.0s,158,0.0031046369240506333,1145.9556962025317,96,96,1
528,264.0s - 264.5s,139,0.0036007502086330932,1180.4244604316548,81,81,1
529,264.5s - 265.0s,113,0.004438998398230089,1161.41592920354,53,53,1
530,265.0s - 265.5s,123,0.0040741540162601625,1151.8536585365853,67,67,1
531,265.5s - 266.0s,129,0.0038813131317829456,1182.5736434108528,69,69,1
532,266.0s - 266.5s,150,0.0033415456199999993,1180.2066666666667,93,93,1
533,266.5s - 267.0s,102,0.0049297198823529415,1071.8823529411766,44,44,1
534,267.0s - 267.5s,99,0.004995747565656568,1060.2121212121212,40,40,1
535,267.5s - 268.0s,106,0.004766430443396227,1101.6792452830189,47,47,1
536,268.0s - 268.5s,110,0.004562694554545452,1129.918181818182,53,53,1
537,268.5s - 269.0s,113,0.004425479725663717,1127.0619469026549,54,54,1
538,269.0s - 269.5s,131,0.0037489534885496185,1157.3129770992366,71,71,1
539,269.5s - 270.0s,152,0.0033028584407894745,1214.7105263157894,94,94,1
540,270.0s - 270.5s,149,0.003362435879194631,1190.3624161073826,91,91,1
541,270.5s - 271.0s,131,0.0038241253969465666,1159.2824427480916,71,71,1
542,271.0s - 271.5s,127,0.003942895251968504,1142.5039370078741,69,69,1
543,271.5s - 272.0s,147,0.003406277612244898,1201.095238095238,92,92,1
544,272.0s - 272.5s,139,0.0036021588633093527,1159.3741007194244,78,78,1
545,272.5s - 273.0s,138,0.00363037444927536,1196.7173913043478,80,80,1
546,273.0s - 273.5s,136,0.0036868199632352928,1175.8455882352941,78,78,1
547,273.5s - 274.0s,144,0.003417727958333333,1191.1805555555557,86,86,1
548,274.0s - 274.5s,150,0.0033320469466666673,1194.26,92,92,1
549,274.5s - 275.0s,151,0.003366102350993376,1140.23178807947,87,87,1
550,275.0s - 275.5s,134,0.0036924436716417918,1190.858208955224,79,79,1
551,275.5s - 276.0s,140,0.0035684373214285724,1152.65,80,80,1
552,276.0s - 276.5s,142,0.003529392816901406,1193.119718309859,85,85,1
553,276.5s - 277.0s,123,0.004080712203252032,1156.3658536585365,65,65,1
554,277.0s - 277.5s,149,0.0033525263691275174,1175.3422818791946,88,88,1
555,277.5s - 278.0s,152,0.0032935663684210545,1189.4934210526317,94,94,1
556,278.0s - 278.5s,144,0.003480594395833335,1195.013888888889,92,92,1
557,278.5s - 279.0s,154,0.0032510256038961022,1149.577922077922,91,91,1
558,279.0s - 279.5s,141,0.0035529488014184388,1188.6241134751774,89,89,0
559,279.5s - 280.0s,145,0.0033874689034482765,1188.606896551724,85,85,0
560,280.0s - 280.5s,144,0.0033389548958333327,1191.9375,85,85,0
561,280.5s - 281.0s,148,0.003476274047297299,1171.9662162162163,84,84,0
562,281.0s - 281.5s,137,0.0035903974379562055,1185.8759124087592,85,85,0
563,281.5s - 282.0s,160,0.0032300988375000028,1168.83125,98,98,0
564,282.0s - 282.5s,156,0.003208168237179485,1136.871794871795,94,94,0
565,282.5s - 283.0s,142,0.0035368213450704235,1195.2394366197184,87,87,0
566,283.0s - 283.5s,136,0.003671918330882353,1182.7573529411766,79,79,0
567,283.5s - 284.0s,90,0.005559832022222223,998.7,30,30,0
568,284.0s - 284.5s,74,0.005877098243243241,954.0,22,22,0
569,284.5s - 285.0s,98,0.0056622462551020394,1073.3265306122448,36,36,0
570,285.0s - 285.5s,100,0.005039090109999998,1075.91,38,38,0
571,285.5s - 286.0s,92,0.0052245543152173906,1085.6195652173913,40,40,0
572,286.0s - 286.5s,87,0.00577470875862069,919.0574712643678,24,24,0
573,286.5s - 287.0s,97,0.0053282715773195904,1103.8041237113403,37,37,0
574,287.0s - 287.5s,109,0.004617304761467888,1150.3761467889908,53,53,0
575,287.5s - 288.0s,128,0.0037651490234374995,1176.4921875,74,74,0
576,288.0s - 288.5s,153,0.0034004388366013073,1192.3660130718954,93,93,0
577,288.5s - 289.0s,122,0.00403016843442623,1126.6147540983607,65,65,0
578,289.0s - 289.5s,77,0.006521413324675324,957.7662337662338,21,21,0
579,289.5s - 290.0s,80,0.006333871187500002,930.8,18,18,0
580,290.0s - 290.5s,75,0.006438557586666665,1043.64,23,23,0
581,290.5s - 291.0s,77,0.006631007610389613,987.5584415584416,16,16,0
582,291.0s - 291.5s,73,0.0069063315753424654,992.0,15,15,0
583,291.5s - 292.0s,84,0.005965390023809525,962.1547619047619,23,23,0
584,292.0s - 292.5s,66,0.007387778439393939,1026.1363636363637,14,14,0
585,292.5s - 293.0s,91,0.005604446582417582,1034.7912087912089,28,28,0
586,293.0s - 293.5s,88,0.0053832367159090885,1024.25,31,31,0
587,293.5s - 294.0s,90,0.00587875727777778,967.9666666666667,30,30,0
588,294.0s - 294.5s,111,0.004526903423423421,1090.7567567567567,55,55,0
589,294.5s - 295.0s,130,0.003836441876923076,1178.7615384615385,77,77,0
590,295.0s - 295.5s,136,0.003616668933823529,1151.9338235294117,76,76,0
591,295.5s - 296.0s,137,0.0037210856496350374,1172.14598540146,78,78,0
592,296.0s - 296.5s,147,0.003343482108843538,1205.2721088435374,92,92,0
593,296.5s - 297.0s,148,0.0033856948986486493,1201.1824324324325,91,91,0
594,297.0s - 297.5s,120,0.004186008208333334,1067.6916666666666,60,60,0
595,297.5s - 298.0s,91,0.00548803568131868,1009.2307692307693,31,31,0
596,298.0s - 298.5s,142,0.0035201559295774646,1184.605633802817,83,83,0
597,298.5s - 299.0s,139,0.003543978172661872,1108.3812949640287,77,77,0
598,299.0s - 299.5s,93,0.005384402956989248,1090.3118279569892,42,42,0
599,299.5s - 300.0s,128,0.003976551078124999,1159.0546875,73,73,0
600,300.0s - 300.5s,148,0.003385053486486486,1198.8918918918919,92,92,0
601,300.5s - 301.0s,160,0.003094648112500003,1187.475,97,97,0
602,301.0s - 301.5s,152,0.0033360344868421056,1148.203947368421,92,92,0
603,301.5s - 302.0s,143,0.0035008342097902104,1215.2447552447552,88,88,0
604,302.0s - 302.5s,135,0.00365578362962963,1158.5185185185185,81,81,0
605,302.5s - 303.0s,138,0.0036138962608695635,1179.304347826087,83,83,0
606,303.0s - 303.5s,153,0.0032677049738562103,1177.6470588235295,94,94,0
607,303.5s - 304.0s,142,0.00352950361971831,1182.5140845070423,85,85,0
608,304.0s - 304.5s,137,0.0036544158978102192,1184.7591240875913,77,77,0
609,304.5s - 305.0s,146,0.0034307306712328765,1156.623287671233,85,85,0
610,305.0s - 305.5s,140,0.003576872414285714,1161.55,89,89,0
611,305.5s - 306.0s,128,0.0039094214999999995,1180.296875,72,72,0
612,306.0s - 306.5s,151,0.0033119075430463572,1192.569536423841,93,93,0
613,306.5s - 307.0s,132,0.0038002518484848476,1145.6363636363637,70,70,0
614,307.0s - 307.5s,86,0.005811961755813953,1023.3372093023256,30,30,0
615,307.5s - 308.0s,92,0.005453162239130436,965.195652173913,31,31,0
616,308.0s - 308.5s,67,0.007303474059701493,972.1641791044776,16,16,0
617,308.5s - 309.0s,77,0.006582462168831167,1017.6233766233767,12,12,0
618,309.0s - 309.5s,70,0.007172212928571428,1006.4285714285714,13,13,0
619,309.5s - 310.0s,69,0.007193801782608696,1000.5652173913044,14,14,0
620,310.0s - 310.5s,71,0.00711774057746479,1017.6760563380282,14,14,0
621,310.5s - 311.0s,73,0.006582216356164383,1019.7671232876712,14,14,0
622,311.0s - 311.5s,66,0.007832868863636364,1031.2424242424242,10,10,0
623,311.5s - 312.0s,77,0.00634746061038961,965.8831168831168,18,18,0
624,312.0s - 312.5s,89,0.005559018786516854,1012.9662921348314,26,26,0
625,312.5s - 313.0s,74,0.006886359418918917,1025.1081081081081,14,14,0
626,313.0s - 313.5s,84,0.006073029642857146,962.7738095238095,30,30,0
627,313.5s - 314.0s,110,0.004442626745454545,1147.1454545454546,52,52,0
628,314.0s - 314.5s,154,0.00325139925974026,1176.5454545454545,95,95,0
629,314.5s - 315.0s,127,0.004021374307086614,1147.3385826771653,70,70,0
630,315.0s - 315.5s,70,0.007016118242857144,993.5428571428571,15,15,0
631,315.5s - 316.0s,65,0.00779472643076923,1048.876923076923,9,9,0
632,316.0s - 316.5s,71,0.006544653197183097,944.4084507042254,13,13,0
633,316.5s - 317.0s,76,0.006998082065789476,1024.4605263157894,11,11,0
634,317.0s - 317.5s,68,0.007367418000000005,1035.6911764705883,9,9,0
635,317.5s - 318.0s,63,0.0077682581587301585,1001.063492063492,11,11,0
636,318.0s - 318.5s,70,0.0071638839571428565,1000.0285714285715,8,8,0
637,318.5s - 319.0s,72,0.007097655847222221,998.5972222222222,11,11,0
638,319.0s - 319.5s,69,0.007101540768115941,997.3623188405797,11,11,0
639,319.5s - 320.0s,76,0.006519916907894735,953.2236842105264,18,18,0
640,320.0s - 320.5s,74,0.006822555837837838,1030.972972972973,14,14,0
641,320.5s - 321.0s,69,0.007270109840579711,1010.7826086956521,12,12,0
642,321.0s - 321.5s,65,0.007655748523076927,1015.0461538461539,8,8,0
643,321.5s - 322.0s,71,0.007191033633802819,1006.8169014084507,10,10,0
644,322.0s - 322.5s,64,0.007741626500000003,1030.828125,8,8,0
645,322.5s - 323.0s,73,0.006846781904109587,1005.4657534246576,12,12,0
646,323.0s - 323.5s,70,0.007032781514285715,994.7714285714286,10,10,0
647,323.5s - 324.0s,72,0.007076525305555555,972.7222222222222,14,14,0
648,324.0s - 324.5s,67,0.007342489014925373,1001.8507462686567,11,11,0
649,324.5s - 325.0s,75,0.0067933496400000015,1033.7066666666667,14,14,0
650,325.0s - 325.5s,66,0.007269391772727272,1015.1363636363636,8,8,0
651,325.5s - 326.0s,72,0.006829591902777777,1008.75,11,11,0
652,326.0s - 326.5s,67,0.007945859865671642,1018.8059701492538,11,11,0
653,326.5s - 327.0s,70,0.007014440300000001,1021.6,10,10,0
654,327.0s - 327.5s,69,0.007219432289855071,998.2898550724638,14,14,0
655,327.5s - 328.0s,75,0.006690091320000001,997.08,11,11,0
656,328.0s - 328.5s,90,0.005558294811111112,1070.888888888889,33,33,0
657,328.5s - 329.0s,103,0.0048654415242718446,1035.9223300970873,45,45,0
658,329.0s - 329.5s,78,0.006423193820512821,953.9871794871794,25,25,0
659,329.5s - 330.0s,77,0.006558569467532466,996.5064935064935,16,16,0
660,330.0s - 330.5s,76,0.006562621184210525,984.6447368421053,18,18,0
661,330.5s - 331.0s,81,0.0062010388271604945,945.283950617284,22,22,0
662,331.0s - 331.5s,79,0.006337062607594937,969.8101265822785,18,18,0
663,331.5s - 332.0s,75,0.006488967893333335,994.76,17,17,0
664,332.0s - 332.5s,123,0.004159904276422763,1105.6666666666667,63,63,0
665,332.5s - 333.0s,152,0.0032820379276315794,1173.032894736842,95,95,0
666,333.0s - 333.5s,133,0.003691691969924812,1172.4135338345864,70,70,0
667,333.5s - 334.0s,143,0.003500632209790211,1198.3356643356644,89,89,0
668,334.0s - 334.5s,162,0.003154648969135803,1174.7530864197531,98,98,0
669,334.5s - 335.0s,150,0.0033370224400000007,1158.4133333333334,93,93,0
670,335.0s - 335.5s,140,0.003505668200000001,1172.9214285714286,84,84,0
671,335.5s - 336.0s,107,0.004669436317757007,1059.7570093457944,50,50,0
672,336.0s - 336.5s,81,0.006200161703703704,1035.320987654321,19,19,0
673,336.5s - 337.0s,105,0.004793253190476189,1075.4952380952382,47,47,0
674,337.0s - 337.5s,72,0.006966145263888893,1001.3888888888889,16,16,0
675,337.5s - 338.0s,92,0.005400132706521739,930.945652173913,33,33,0
676,338.0s - 338.5s,107,0.00468051238317757,1122.6915887850466,48,48,0
677,338.5s - 339.0s,152,0.003292111881578948,1171.907894736842,93,93,0
678,339.0s - 339.5s,158,0.0031705856202531644,1182.3354430379748,94,94,0
679,339.5s - 340.0s,151,0.0032489127218543047,1176.6423841059602,95,95,0
680,340.0s - 340.5s,123,0.0040780147073170726,1176.7317073170732,66,66,0
681,340.5s - 341.0s,110,0.004545567245454544,1094.590909090909,47,47,0
682,341.0s - 341.5s,131,0.003897298503816794,1135.5801526717557,69,69,0
683,341.5s - 342.0s,138,0.0034085736014492747,1181.7826086956522,81,81,0
684,342.0s - 342.5s,97,0.005466848443298968,1067.7525773195875,39,39,0
685,342.5s - 343.0s,93,0.005270061806451612,948.9569892473119,32,32,0
686,343.0s - 343.5s,66,0.007565720287878787,1073.3030303030303,12,12,0
687,343.5s - 344.0s,87,0.005824001977011497,969.7816091954023,24,24,0
688,344.0s - 344.5s,79,0.005953328417721519,957.8227848101266,25,25,0
689,344.5s - 345.0s,86,0.0060453250813953495,940.9883720930233,25,25,0
690,345.0s - 345.5s,80,0.006353637262499999,984.4625,21,21,0
691,345.5s - 346.0s,68,0.007074560249999995,1025.3235294117646,11,11,0
692,346.0s - 346.5s,79,0.006635154303797469,967.4683544303797,15,15,0
693,346.5s - 347.0s,96,0.005181013208333334,1035.9895833333333,39,39,0
694,347.0s - 347.5s,109,0.004374045229357799,1086.559633027523,54,54,0
695,347.5s - 348.0s,69,0.007532200333333329,1030.1159420289855,12,12,0
696,348.0s - 348.5s,73,0.006773072068493151,991.7534246575342,16,16,0
697,348.5s - 349.0s,76,0.006602533342105263,995.8815789473684,14,14,0
698,349.0s - 349.5s,76,0.006476238881578947,983.6184210526316,19,19,0
699,349.5s - 350.0s,89,0.0057313459887640425,967.2134831460675,33,33,0
700,350.0s - 350.5s,79,0.006007374734177216,989.1139240506329,20,20,0
701,350.5s - 351.0s,88,0.005991476079545455,948.8409090909091,28,28,0
702,351.0s - 351.5s,84,0.006017679452380952,976.8452380952381,25,25,0
703,351.5s - 352.0s,145,0.0033412188068965517,1208.703448275862,92,92,0
704,352.0s - 352.5s,149,0.0034259992617449663,1201.489932885906,89,89,0
705,352.5s - 353.0s,157,0.0031902177261146493,1191.43949044586,97,97,0
706,353.0s - 353.5s,139,0.0035403132805755387,1188.7338129496402,87,87,1
707,353.5s - 354.0s,155,0.0032877516451612905,1158.2,93,93,1
708,354.0s - 354.5s,141,0.0035315286241134752,1186.177304964539,84,84,1
709,354.5s - 355.0s,149,0.0033742558791946308,1176.8926174496644,91,91,1
710,355.0s - 355.5s,145,0.0034571766482758624,1184.7379310344827,88,88,1
711,355.5s - 356.0s,154,0.003252349415584415,1163.7727272727273,92,92,1
712,356.0s - 356.5s,142,0.0034520478169014083,1174.3591549295775,90,90,1
713,356.5s - 357.0s,148,0.0033426174527027043,1196.6891891891892,88,88,1
714,357.0s - 357.5s,145,0.003492127724137932,1159.8827586206896,88,88,1
715,357.5s - 358.0s,148,0.0033928848310810808,1196.8648648648648,90,90,1
716,358.0s - 358.5s,134,0.0037400027462686563,1151.3955223880596,79,79,1
717,358.5s - 359.0s,157,0.0031832586050955414,1176.4840764331211,98,98,1
718,359.0s - 359.5s,143,0.0035215355944055947,1192.2727272727273,91,91,1
719,359.5s - 360.0s,148,0.0033751972972972987,1157.912162162162,86,86,1
720,360.0s - 360.5s,150,0.003317837726666668,1178.7533333333333,95,95,1
721,360.5s - 361.0s,134,0.00351672187313433,1144.7686567164178,77,77,1
722,361.0s - 361.5s,151,0.0035179392781456965,1159.4834437086092,94,94,1
723,361.5s - 362.0s,141,0.0034734085673758857,1169.1418439716313,85,85,1
724,362.0s - 362.5s,142,0.00356399061971831,1156.9859154929577,81,81,1
725,362.5s - 363.0s,143,0.003531971027972029,1180.13986013986,88,88,1
726,363.0s - 363.5s,152,0.0032947272763157905,1193.3157894736842,95,95,1
727,363.5s - 364.0s,145,0.0034535774068965514,1198.3379310344828,89,89,1
728,364.0s - 364.5s,145,0.003385061165517242,1187.551724137931,92,92,1
729,364.5s - 365.0s,149,0.003361126818791947,1139.013422818792,86,86,1
730,365.0s - 365.5s,151,0.00331392780794702,1179.0927152317881,91,91,1
731,365.5s - 366.0s,137,0.00366418987591241,1187.4379562043796,85,85,1
732,366.0s - 366.5s,147,0.003396823789115645,1158.0204081632653,87,87,1
733,366.5s - 367.0s,148,0.0033904219662162153,1193.6554054054054,92,92,1
734,367.0s - 367.5s,155,0.003223943193548387,1187.3612903225805,93,93,1
735,367.5s - 368.0s,142,0.003526915788732393,1171.3732394366198,89,89,1
736,368.0s - 368.5s,158,0.003161468582278479,1169.76582278481,98,98,1
737,368.5s - 369.0s,144,0.003411605402777778,1143.5069444444443,88,88,1
738,369.0s - 369.5s,143,0.003569962552447552,1182.9160839160838,85,85,1
739,369.5s - 370.0s,156,0.003164779948717948,1190.5,98,98,1
740,370.0s - 370.5s,146,0.003444355246575343,1180.0068493150684,91,91,1
741,370.5s - 371.0s,147,0.003440717666666665,1161.2857142857142,83,83,1
742,371.0s - 371.5s,144,0.003404760381944445,1184.2916666666667,88,88,1
743,371.5s - 372.0s,147,0.0034148378571428563,1166.6802721088436,84,84,1
744,372.0s - 372.5s,150,0.0033298049266666657,1150.2333333333333,94,94,1
745,372.5s - 373.0s,149,0.0033610070872483245,1170.6979865771812,93,93,1
746,373.0s - 373.5s,151,0.0033038518741721865,1161.4238410596026,91,91,1
747,373.5s - 374.0s,142,0.003460429676056337,1179.9929577464789,87,87,1
748,374.0s - 374.5s,143,0.003579032650349651,1178.3776223776224,86,86,1
749,374.5s - 375.0s,142,0.0035646329859154936,1188.8309859154929,88,88,1
750,375.0s - 375.5s,142,0.003490078267605635,1197.781690140845,85,85,1
751,375.5s - 376.0s,144,0.003470052819444443,1160.0555555555557,85,85,1
752,376.0s - 376.5s,154,0.0032673579415584426,1170.551948051948,92,92,1
753,376.5s - 377.0s,136,0.003589276830882354,1196.4338235294117,80,80,1
754,377.0s - 377.5s,155,0.0032990485612903213,1203.9032258064517,95,95,1
755,377.5s - 378.0s,119,0.003984001697478993,1199.2857142857142,63,63,1
756,378.0s - 378.5s,167,0.003154353257485031,1167.9461077844312,110,110,1
757,378.5s - 379.0s,135,0.0037075965777777753,1180.0148148148148,80,80,1
758,379.0s - 379.5s,124,0.004002847258064516,1207.258064516129,68,68,1
759,379.5s - 380.0s,149,0.0033467563892617467,1168.8523489932886,93,93,1
760,380.0s - 380.5s,171,0.0029284406666666655,1196.438596491228,112,112,1
761,380.5s - 381.0s,140,0.003492239164285715,1157.3428571428572,80,80,1
762,381.0s - 381.5s,132,0.0037817055303030274,1180.3863636363637,75,75,1
763,381.5s - 382.0s,157,0.0032538438535031845,1177.9745222929937,102,102,1
764,382.0s - 382.5s,145,0.003442176193103449,1151.6758620689654,88,88,1
765,382.5s - 383.0s,139,0.003624521179856116,1158.36690647482,81,81,1
766,383.0s - 383.5s,139,0.003551191884892088,1157.410071942446,82,82,1
767,383.5s - 384.0s,147,0.003437346707482993,1166.0544217687075,94,94,1
768,384.0s - 384.5s,152,0.0032919037960526328,1172.8486842105262,93,93,1
769,384.5s - 385.0s,137,0.003581154408759123,1182.3211678832117,86,86,1
770,385.0s - 385.5s,153,0.003339008862745099,1185.1699346405228,93,93,1
771,385.5s - 386.0s,143,0.003510951860139858,1179.4825174825176,84,84,1
772,386.0s - 386.5s,141,0.003532259851063831,1189.099290780142,87,87,1
773,386.5s - 387.0s,153,0.0032141849803921565,1177.6143790849674,94,94,1
774,387.0s - 387.5s,133,0.003837553729323309,1133.142857142857,75,75,1
775,387.5s - 388.0s,148,0.0033153458986486498,1193.7905405405406,88,88,1
776,388.0s - 388.5s,142,0.0035770341197183097,1185.4014084507041,88,88,1
777,388.5s - 389.0s,154,0.0032077362012987026,1196.0714285714287,96,96,1
778,389.0s - 389.5s,139,0.0035814945899280593,1181.9064748201438,83,83,1
779,389.5s - 390.0s,140,0.0035930203071428564,1199.357142857143,84,84,1
780,390.0s - 390.5s,153,0.0032740701764705895,1174.8562091503268,92,92,1
781,390.5s - 391.0s,136,0.0036771507941176468,1185.5735294117646,83,83,1
782,391.0s - 391.5s,144,0.0034787691944444454,1131.0416666666667,82,82,1
783,391.5s - 392.0s,142,0.0035290436760563376,1177.4647887323943,85,85,1
784,392.0s - 392.5s,136,0.0036735746323529415,1187.7720588235295,83,83,1
785,392.5s - 393.0s,143,0.00343133744055944,1189.2377622377621,86,86,1
786,393.0s - 393.5s,148,0.0034538093783783802,1155.972972972973,91,91,1
787,393.5s - 394.0s,139,0.0036056046762589933,1169.0791366906474,79,79,1
788,394.0s - 394.5s,143,0.003423303671328672,1193.7132867132866,91,91,1
789,394.5s - 395.0s,146,0.0034997575205479433,1134.2397260273972,89,89,1
790,395.0s - 395.5s,135,0.0037037557481481484,1169.0222222222221,75,75,1
791,395.5s - 396.0s,148,0.0033169994189189175,1181.9932432432433,91,91,1
792,396.0s - 396.5s,142,0.0035285850492957752,1180.8028169014085,83,83,1
793,396.5s - 397.0s,146,0.003428353698630138,1188.13698630137,88,88,1
794,397.0s - 397.5s,149,0.0033570486375838924,1172.3489932885907,91,91,1
795,397.5s - 398.0s,139,0.003606903697841726,1189.8057553956835,87,87,1
796,398.0s - 398.5s,145,0.003459062544827585,1156.1310344827587,83,83,1
797,398.5s - 399.0s,152,0.0032834099671052636,1166.342105263158,92,92,1
798,399.0s - 399.5s,139,0.0036310452733812944,1183.4172661870505,79,79,1
799,399.5s - 400.0s,136,0.0036547709485294146,1171.110294117647,82,82,1
800,400.0s - 400.5s,150,0.003272341520000002,1178.0533333333333,92,92,1
801,400.5s - 401.0s,146,0.0034657245479452056,1183.0821917808219,92,92,1
802,401.0s - 401.5s,142,0.0035527815704225357,1195.4084507042253,84,84,1
803,401.5s - 402.0s,145,0.0033893143517241394,1180.0137931034483,82,82,1
804,402.0s - 402.5s,145,0.003516307455172414,1161.1586206896552,85,85,1
805,402.5s - 403.0s,146,0.0033630508767123293,1169.1849315068494,90,90,1
806,403.0s - 403.5s,142,0.0035928329014084516,1180.3169014084508,82,82,1
807,403.5s - 404.0s,144,0.003408320048611109,1184.173611111111,82,82,1
808,404.0s - 404.5s,145,0.00345496216551724,1176.296551724138,92,92,1
809,404.5s - 405.0s,148,0.0033732912094594615,1213.0608108108108,87,87,1
810,405.0s - 405.5s,132,0.003718150727272727,1164.7575757575758,73,73,1
811,405.5s - 406.0s,154,0.003337351220779221,1183.5974025974026,100,100,1
812,406.0s - 406.5s,154,0.0032324526883116874,1146.0324675324675,93,93,1
813,406.5s - 407.0s,135,0.003712363955555556,1206.6074074074074,82,82,1
814,407.0s - 407.5s,130,0.003887273746153846,1171.053846153846,70,70,1
815,407.5s - 408.0s,140,0.003505708857142858,1183.6285714285714,82,82,1
816,408.0s - 408.5s,151,0.0033009664966887437,1181.046357615894,92,92,1
817,408.5s - 409.0s,132,0.003388151393939394,1179.0,81,81,1
818,409.0s - 409.5s,139,0.003910979107913669,1191.7553956834533,79,79,1
819,409.5s - 410.0s,165,0.0031374780545454575,1151.4060606060607,102,102,1
820,410.0s - 410.5s,148,0.0033159120675675655,1165.081081081081,90,90,1
821,410.5s - 411.0s,149,0.003415268637583893,1186.8657718120805,92,92,1
822,411.0s - 411.5s,143,0.003512202153846153,1166.832167832168,83,83,1
823,411.5s - 412.0s,136,0.0036602960955882348,1162.7426470588234,81,81,1
824,412.0s - 412.5s,134,0.003629797119402985,1202.44776119403,78,78,1
825,412.5s - 413.0s,155,0.0032631019419354845,1166.0451612903225,93,93,1
826,413.0s - 413.5s,145,0.003463512310344828,1172.5310344827585,89,89,1
827,413.5s - 414.0s,149,0.003363052046979865,1176.9597315436242,90,90,1
828,414.0s - 414.5s,147,0.003403505795918369,1191.299319727891,87,87,1
829,414.5s - 415.0s,145,0.003452865110344829,1186.0620689655173,89,89,1
830,415.0s - 415.5s,139,0.0036016841798561156,1188.0,84,84,1
831,415.5s - 416.0s,157,0.0032191624458598705,1177.5222929936306,92,92,1
832,416.0s - 416.5s,147,0.0033736309727891156,1165.8095238095239,88,88,1
833,416.5s - 417.0s,143,0.0035024330909090894,1188.6083916083917,87,87,1
834,417.0s - 417.5s,160,0.0031259701500000008,1154.88125,97,97,1
835,417.5s - 418.0s,142,0.003457081809859154,1150.161971830986,85,85,1
836,418.0s - 418.5s,150,0.003402680419999998,1182.6,93,93,1
837,418.5s - 419.0s,145,0.0034508674137931038,1179.0620689655173,90,90,1
838,419.0s - 419.5s,144,0.0034765333819444452,1177.2777777777778,87,87,1
839,419.5s - 420.0s,143,0.0035015462797202794,1194.7202797202797,86,86,1
840,420.0s - 420.5s,136,0.003610023941176473,1177.4044117647059,78,78,1
841,420.5s - 421.0s,146,0.003359416116438357,1194.1438356164383,89,89,1
842,421.0s - 421.5s,146,0.0034342798904109587,1149.3150684931506,87,87,1
843,421.5s - 422.0s,143,0.0035703529440559434,1193.3216783216783,87,87,1
844,422.0s - 422.5s,151,0.003310771,1175.953642384106,90,90,1
845,422.5s - 423.0s,146,0.0034293480958904107,1159.7054794520548,92,92,1
846,423.0s - 423.5s,139,0.0035986837266187054,1157.1438848920864,77,77,1
847,423.5s - 424.0s,137,0.003654031197080292,1177.2262773722628,76,76,1
848,424.0s - 424.5s,140,0.003458034564285714,1174.7285714285715,85,85,1
849,424.5s - 425.0s,149,0.0034735588724832205,1150.979865771812,90,90,1
850,425.0s - 425.5s,153,0.0032773361568627433,1168.4967320261437,90,90,1
851,425.5s - 426.0s,142,0.0034453440492957757,1176.1549295774648,86,86,1
852,426.0s - 426.5s,143,0.003571353251748251,1173.4615384615386,87,87,1
853,426.5s - 427.0s,142,0.003534632866197182,1184.605633802817,80,80,1
854,427.0s - 427.5s,139,0.0035921481654676256,1193.928057553957,87,87,1
855,427.5s - 428.0s,151,0.0032841031192052984,1185.5761589403974,91,91,1
856,428.0s - 428.5s,140,0.0035401562857142865,1157.15,81,81,1
857,428.5s - 429.0s,131,0.0038180026488549633,1120.5190839694656,73,73,1
858,429.0s - 429.5s,142,0.003530043929577466,1179.6690140845071,87,87,1
859,429.5s - 430.0s,74,0.003645668445945945,1148.081081081081,44,44,1
